1,Corgi,AA34802,72,Vickers,MKX,Wellington,HZ950:Z,,,
2,Corgi,AA30003,144,Douglas,C-47,Skytrain,,,,
3,SkyMax,SM2001,72,Lavochkin,LA-5,,,14,Ivan Kozhedub,
4,Corgi,US36603,72,Lockheed,P-38J,Lightning,,,Capt. Robin Olds,Scat II
5,Hobby Master,HA1708,72,Bell,P-39Q,Aircobra,219995,,Lt. Col. William Shomo,Snooks 2nd
6,Hobby Master,HA1109,72,Grumman,F6F,Hellcat,1,,"Roy "Butch" Voris",Blue Angel
7,SkyMax,SM2004,72,Lavochkin,LA-5FN,,,23,,
8,Corgi,US37101,72,North American,P-51B,Mustang,324763,VF U,"Capt. Willard "Millie" Millikan",Missouri Mauler
9,Corgi,AA39703,72,Hawker,,Sea Hurricane,,,,
10,Hobby Master,HA7301,48,Grumman,F3F-1,Flying Barrel,0232,3-F-1,,
11,Hobby Master,HA7502,48,Boeing,281,Peashooter,,9,,
12,Corgi,US32226,72,North American,P-51D,Mustang,,WR F,,Down for Double
13,Corgi,AA33812,72,Republic,P-47D,Thunderbolt,,,Maj. John T. More,Daring Dottie III
14,Hobby Master,HA1211,72,Grumman,TBM-3E,Avenger,53322,ABA,,
15,Corgi,AA36503,72,Hawker,Mk.1b,Typhoon,SW417,MR X,,
16,Corgi,AA32607,72,Avro,MKI,Lancaster,W4783,,,"G" for George"
17,Corgi,AA99183,72,Hawker,MkXIIA,Hurricane,G-HURI,,,
18,Corgi,AA35201,72,Curtiss,P-40F,Warhawk,119944,,Capt. John L. Bradley,
19,SkyMax,SM5006,72,Aichi,D3A1 Model 11,Val/Kanbaku,EII-206,,,
20,Hobby Master,HA7004,48,Brewster,B3339C,Buffalo,,B-3110,Lt. August G. Deibel,
21,Corgi,AA33007,72,Vought,F4U,Corsair,White 3,,Lt. Frederick Streig,
22,Falcon,FA724005,72,Fieseler,Fi 156,Storch,,SJ+LL,,
23,Corgi,AN31919,72,Supermarine,Mk I,Spitfire,,ZP A,"Flt. Lt. Adolf "Sailor" Malan",
24,Oxford,AC023,72,Gloster,Mk.II,Gladiator,,KW I,,
25,Corgi,AA32206,72,North American,P-51D,Mustang,,,,Dooleybird
26,Corgi,AA36807,72,Westland,Mk.IIIa,Lysander,V9289,,,
27,Matchbox,92107,72,Curtiss,P-40E,Warhawk,,,,
28,Corgi,AA36505,72,Hawker,NF Mk IB,Typhoon,R7881,,,
29,Hobby Master,HA0204,32,Douglas,SBD-3,Dauntless,,,eppla/Liska,
30,Corgi,AA32802,72,De Havilland,FB VI,Mosquito,MM403/SB-V,,,
31,Corgi,AA33012,72,Vought,FG-1D,Corsair,,,Jesse Folmer,
32,Corgi,AA36504,72,Hawker,Mk.IB,Typhoon,EK 273,JE DT,"Sq. Ldr. Don "Butch"Taylor",
33,Corgi,AA32814,72,De Havilland,PR.I,Mosquito,W4051,LY U,,
34,Corgi,AA34004,72,Consolidated,B-24D,Liberator,,,,Sky Witch
35,IXO,DDIJ00003,72,Nakajima,Ki-84,Hayate/Frank,21,,,
36,Corgi,AA33806,72,Republic,P-47D,Thunderbolt,,,Lt. Ben Mayo,No Guts No Glory
37,Corgi,AA36101,72,Consolidated,MkIIA,Catalina,,,,
38,Corgi,US32221,72,North American,P-51D-15,Mustang,44-14978,,"Maj. Walker "Bud" Mahurin# CO",
39,Hobby Master,HA2301,72,Bristol,TF.Mk X,Beaufighter,NT950,MB-T,,
40,Corgi,AA32006,72,Hawker,MKIIC,Hurricane,,,,
41,Corgi,US33820,72,Republic,P-$&D,Thunderbolt,28659,VF T,"2nd LT. Dominic "Don" Gentile",Donnie Boy
42,Corgi,US33824,72,Republic,P-47D-16,Thunderbolt,,11,"Maj. Herschel H "Herky" Green",
43,Oxford,AC015,72,Kawasaki,Ki-61,Hien/Tony,,,,
44,Hobby Master,HA2203,72,Curtiss,SB2C-4E,Helldiver,,214,,
45,Corgi,US32214,72,North American,P-51,Mustang,,66,Major Norman L. McDonald,Shu-Shu - Chuck-O
46,Corgi,WB99604,72,Messerschmitt,BF 108E-4,,,,Helmut Wick,
47,Corgi,AA27101,72,Messerschmitt,BF 109G-6,,,,Erich Hartmann# Kommandeur,
48,Corgi,WB99616,72,North American,P-51D,Mustang,413588,T C%,"Capt. Richard "Bud" Peterson",Hurry Home Honey
49,Corgi,AA33104,72,Mitsubishi,A6M2-21,Rei-sen (Zeke/Zero),,,,
50,Corgi,49505,72,Supermarine,MKI,Spitfire,,,,
51,Corgi,AA39503,72,Short,,Stirling,,,,
52,Corgi,AA36103,72,Consolidated,PBY-5,Catalina,JX574,T,,
53,Corgi,AA36106,72,Consolidated,MK.IB,Catalina,Z2144,FV-R,,
54,Matchbox,91059,72,Curtiss,P-40E,Warhawk,,,,
55,Falcon,FA724003,72,Fieseler,Fi 156,Storch,,,,
56,Hobby Master,HA0110,72,Junkers,JU 87 G-1,Stuka,,,,
57,Falcon,FA724004,72,Fieseler,Fi 156C,Storch,,,AVM Harry Broadhurst#,
58,Corgi,AA31925,72,Supermarine,LF IXE,Spitfire,RR201,DB A,Flt Lt Dick Audet,
59,Dragon,50121,72,Vought,F4U-1D,Corsair,164,64,,
60,Corgi,AA32212,72,North American,P-51D,Mustang,,,Col. William A Daniel,Tempus Fugit
61,Corgi,AA31934C,72,Supermarine,Mk.Vb,Spitfire,FN N,AR298,Pilot Officer Jens Muller,
62,Hobby Master,HA7503,48,Boeing,P-26A,Peashooter,23,,,
63,Oxford,AC018,72,Hawker,Mk.Iic,Hurricane,Z3580,XJ,"Sqn. Ldr. Robert "Butch" Barton",
64,IXO,DDIJ00018,72,Boulton Paul,P.82,Defiant,N3328,DZ Z,,
65,Corgi,WB99612,144,Boeing,B-17G,Flying Fortress,,,,Sally B
66,IXO,DDIJ00014,72,Fiat,G.55,Centauro,,18,,
67,Corgi,AA35302,72,North American,B-25B,Mitchell,02344,,Lt. Col. Jimmy Doolittle,
68,Corgi,WB99618,72,Messerschmitt,BF 109E-3,,,,Lt. Werner Molders,
69,Hobby Master,HA1207,72,Grumman,TBM-3,Avenger,89,,,
70,Hobby Master,HA1107,72,Grumman,F6F-5,Hellcat,104,104,,
71,SkyMax,SM8004,72,Douglas,TBD-1,Devastator,1512,,,
72,Hobby Master,HA2210,72,Curtiss,SB2C,Helldiver,,White 80,,
73,IXO,DDIJ00022,72,Aichi,B7A2,Grace/Ryusei Kai,75203,,,
74,Corgi,US32215,72,North American,P-51D,Mustang,,,,Creamer's Dream
75,Falcon,FA724002,72,Fieseler,Fi 156C-2,Storch,,CK+KF,,
76,Corgi,AA36606,72,Lockheed,F-4-1-LO,Lightning,A55-3,,,
77,Corgi,US33817,72,Republic,P-47D-27,Thunderbolt,42-26919,,Capt. Edwin O. Fisher,
78,Hobby Master,HA1110,72,Grumman,F6F-5,Hellcat,,White 35,,
79,Corgi,AA36104,72,Consolidated,PBY-5,Catalina,69,,Lt. Pfleeger,Black Cat
80,Hobby Master,HA4202,72,Douglas,Mk.IV,Havoc,BZ507/Y,,,
81,Hobby Master,HA1707,72,Bell,P-39,Aircobra,220746,152,"C.E. "Bud" Anderson",Old Crow
82,Dragon,50178,72,Republic,P-47C-5,Thunderbolt,16484,QP L,Ralph Hofer,The Missouri Kid - Sho Me
83,Corgi,AA32617,72,Avro,B MkIII,Lancaster,,DV380,Wing Commander Leonard Cheshire VC,
84,Corgi,AA35203,72,Curtiss,P-40E-1,Warhawk,,86,1st Lt. Andrew J Reynolds,Star Dust
85,Matchbox,C4499,72,Republic,P-47D,Thunderbolt,,,Maj. Glenn T. Eagleston,
86,Hobby Master,HA7506,48,Boeing,P-26A,Peashooter,PT-23,,,
87,Corgi,AA36107,72,Consolidated,IVA,Catalina,JX580,,,
88,SkyMax,SM5002,72,Aichi,D3A1,Val/Kanbaku,,E1-201,Lt. Maseo Yamaguchi,
89,Oxford,AC035,72,Brewster,F2A-3,Buffalo,,MF-15,Capt. William C. Humberd,
90,Hobby Master,HA2201,72,Curtiss,SB2C-1,Helldiver,,White 4,,
91,Hobby Master,HA1213,72,Grumman,TBM-3E2,Avenger,,070,,
92,Hobby Master,HA1806,72,Messerschmitt,BF-110G-2,Zerstörer,,S9+FM,,
93,Corgi,AN32224,72,North American,P-51D,Mustang,472218,WZ I,Col. John Landers,Big Beautiful Doll
94,Corgi,AA32608,72,Avro,MKIII (Special) AJ-G,Lancaster,ED932,,,
95,IXO,PIXJ000007,72,Dewoitine,D.520,,,,,
96,Corgi,AA33712,72,Heinkel,He-111,,,1H+GP,,
97,Corgi,AA35311,72,North American,B25,Mitchell II,FW130,MQ A,,
98,Corgi,WB99623,72,Mitsubishi,A6M2,Rei-sen (Zeke/Zero),3-116,,Saburo Sakai,
99,IXO,PIXJ000019,72,Grumman,F4F,Wildcat,,MF-I,,
100,Corgi,AA35208,72,Curtiss,P-40E,Warhawk,41-1456,White 7,Col. Robert L. Scott,
101,Hobby Master,HA7008,48,Brewster,339-23,Buffalo,3110,A51-13,Sergeant John Bailey,
102,Corgi,AA33711,72,Heinkel,HE 111 H-3,,,A1-FT,,
103,Hobby Master,HA2206,72,Curtiss,,Helldiver,,,,
104,SkyMax,SM8001,72,Douglas,TBD-1,Devastator,1518,T-14,Ens. George Gay,
105,Hobby Master,HA1711,72,Bell,P-39F,Aircobra,A53-9,TZ,,
106,Corgi,WB99607,72,Republic,P-47,Thunderbolt,226641,LM S,Col. David Schilling,
107,Hobby Master,HA1209,72,Grumman,TBF-1,Avenger,,58-C-26,Lt. McFord,
108,Corgi,AA32102,72,Messerschmitt,BF109E-4,,,,Hauptmann Helmut Wick# Geschwader-Kommodore,
109,Corgi,AA38401,72,Bristol,IV,Blenheim,R3821,N-UX,,
110,Corgi,AA33708,72,Heinkel,He 111H-6,,,S7+HA,,
111,SkyMax,SM4002,72,Hawker,Mk.V,Tempest,,JF-E,F/Lt. Pierre Clostermann,
112,Corgi,US31923,72,Supermarine,Vb,Spitfire,EN783,XR K,,
113,Matchbox,H3738,72,Grumman,F6F-3,Hellcat,,,,
114,Dragon,50068,72,Messerschmitt,ME109G-2 Trop,,,,,
115,Corgi,PR99413,72,Junkers,JU 87D-3,Stuka,,White B,,
116,Oxford,AC024,72,Curtiss,Mk.I,Kittyhawk,,LD B,Sqn. Ldr. Mike Judd,
117,Oxford,72DR003,72,De Havilland,,Dragon Rapide,,,,
118,Corgi,US32218,72,North American,P-51D-10,Mustang,414223,CL M,Lt. Col. Elwyn Righetti,KatyDid
119,Corgi,AA38702,72,Supermarine,PR.XIX,Spitfire,,,,
120,Corgi,AA36806,72,Westland,Mk IIIa,Lysander,V9673,J,,
121,Hobby Master,HA1802,72,Messerschmitt,Bf 110G-4,Zerstörer,,G9+WD,Oblt. Martin Drewes# Gruppenkommander,
122,Corgi,AA39603,72,Hawker,Mk I,Audax,K5574,BE D,,
123,Corgi,AA36304,72,Fairey,III,Swordfish,NF410,NH-F,,
124,Corgi,AA36707,72,Junkers,JU 88C-6,,,F1+XM,,
125,SkyMax,SM4005,72,Hawker,Mk V,Tempest,EJ558,R-SD,Flg Off Bud  F. Miller (USAAF),
126,Corgi,US37108,72,North American,P-51B-15,Mustang,42-106894,C 9,1Lt Ray Wetmore,
127,Corgi,AA39304,72,Boulton Paul,Mk.I,Defiant,N1671,EW D,,
128,Corgi,AA32103,72,Messerschmitt,BF109E,,,,Waldemar Wubke,
129,Corgi,AA27301,72,Hawker,,Fury,,K5674,,
130,Oxford,AC025,72,Fairey,,Swordfish,P4210,5L,,
131,Corgi,US33306,72,Boeing,B-17G,Flying Fortress,,,,A Bit O' Lace
132,Oxford,AC036,72,De Havilland,FB.VI,Mosquito,LR347,T,Flt. Lt. Stanley Nunn & Flg. Off. J. Carlin,
133,Corgi,WB99627,144,Boeing,B-17,Flying Fortress,,BU-U,,Give it to Uncle
134,Corgi,AA38406,72,Bristol,Mk.I,Blenheim,L1134,F FX,Squadron Leader Arthur Scarf VC,
135,War Master,APF0014,72,Heinkel,HE162,Volksjager (Salamander),,4,,
136,Corgi,AA36506,72,Hawker,IB,Typhoon,MN317,ZY-B,,
137,Corgi,AA38501,72,Messerschmitt,BF110C,Zerstörer,,MB+NP,Oberleutnant Hans - Joachim Jabs,
138,Gemini Jets,GA3001,72,Messerschmitt,BF 109F-4,,,5,,
139,Hobby Master,HA2303,72,Bristol,Mk.VIF,Beaufighter,KW147,,,
140,Corgi,US35705,72,Messerschmitt,ME 262A-1A,Schwalbe,,Green 1,Maj. Rudolf Sinner,
141,SkyMax,SM5003,72,Aichi,,Val/Kanbaku,,,,
142,Hobby Master,HA7012,48,Brewster,F2A (239),Buffalo,BW-393,White 7,1st Lt. Hans Wind,
143,Hobby Master,HA1102,72,Grumman,Mk II,Hellcat,,6K,,
144,Corgi,AA32819,72,De Havilland,NFII,Mosquito,HJ711,VI C,,
145,Corgi,PR99403,72,Grumman,TBF-1C,Avenger,,White 2,George H. W. Bush,
146,Oxford,AC019,72,Heinkel,HE 162A-2,Volksjager (Salamander),,2,,
147,Corgi,AA99110,72,Supermarine,,Spitfire,,,,
148,Corgi,WB99606,72,Vought,F4U-1,Corsair,,White 13,Lt. Kenneth A. Walsh,
149,Hobby Master,HA7507,48,Boeing,P-26A,Peashooter,11,,,
150,Hobby Master,HA0165,72,Douglas,SBD-5,Dauntless,,45,,
151,Corgi,WB99622,144,Avro,B.Mk III,Lancaster,,KM-B,,City of Lincoln
152,Corgi,US34312,72,Focke-Wulf,FW-190 A5,Würger,7298,13-,Major Josef Priller,
153,Corgi,AA31934B,72,Supermarine,Mk.Vb,Spitfire,AB269,AH D,Sergeant Pilot Per Bergsland,
154,Corgi,AA33008,72,Vought,F4U-1,Corsair,White 576,,1st Lt Edwin L. Olander,Marine's Dream
155,Gemini Jets,GA1001,72,Supermarine,MK IX,Spitfire,MK392,JE J,Jonnie Johnson,
156,Corgi,WB99603,72,Hawker,MK I,Hurricane,P2921,GZ L,Flt Lt Pete Brothers,
157,Corgi,AA31907,72,Supermarine,MkVb,Spitfire,,RS T,Wing Commander Robert Stanford Tuck,
158,Corgi,AA31931,72,Supermarine,MkVc,Spitfire,AR501,NN-A,,
159,Dragon,50069,72,Messerschmitt,ME109G-2,,,,,Elsmeer
160,Corgi,HC33106,72,Mitsubishi,A6M3-22,Rei-sen (Zeke/Zero),,,CPO Takeo Okumura,
161,Corgi,AA33706,72,Heinkel,HE 111H-4,,1T+HK,,,
162,Corgi,AA36201,72,Gloster,Mk.II,Gladiator,N5641,HE-G,,
163,Corgi,AA33002,72,Vought,F4U-1,Corsair,White 29,,Ira C. Kepford,
164,Corgi,AA99127,72,Heinkel,HE 111,,,,,
165,Corgi,AA39205,72,Supermarine,Mk. Iia,Spitfire,P7308,XR D,,
166,Oxford,AC039,72,Nakajima,Ki-43,Hayabusa/Oscar,,,Sgt. Kushiro Otake,
167,Corgi,US32110,72,Messerschmitt,BF 109E,,,,Oberstleutnant Adolf Galland,
168,Corgi,US34013,72,Consolidated,B-24D,Liberator,,,,Jerk's Natural
169,Corgi,49204,72,Messerschmitt,BF109E,,,,Hans Joachim Marseille,
170,Corgi,AA34804,72,Vickers,MkVIII,Wellington,HX604:X,,,
171,Corgi,49203,72,Messerschmitt,BF109E,,,,Werner Molders,
172,Matchbox,91732,72,Mitsubishi,A6M5,Rei-sen (Zeke/Zero),,,,
173,Hobby Master,HA0170,72,Douglas,SBD-5,Dauntless,,White 39,Lt. Cook Cleland,
174,Hobby Master,HA2309,72,Bristol,TF Mk.X,Beaufighter,LZ451,2 M,,
175,Corgi,PR99407,72,Junkers,JU 87G-1,Stuka,,F,,
176,Hobby Master,HA2205,72,Curtiss,Mk.I,Helldiver,,4L,,
177,Gemini Jets,GA2001,72,North American,P-51B,Mustang,2106839,B& E,,Bald Eagle
178,Corgi,AA32620,72,Avro,B Mk.III(Special),Lancaster,ED925,AJ M,Flt. Lt. John Vere Hopgood DFC,Mother
179,Corgi,AA32013,72,Hawker,Mk.IIB,Hurricane,Z5526,GQ-37,,
180,Corgi,AA34313,72,Focke-Wulf,FW 190A,Würger,,4,,
181,Corgi,AA32505,72,Junkers,JU 87B-2,Stuka,S2+AP,,,
182,Corgi,AA32616,72,Avro,B1,Lancaster,PD118,YZ-J,Group Captain Johnny Fauquier,
183,War Master,APF0002,72,Macchi,MC 205 V,Veltro,,18-1,,
184,Corgi,US36604,72,Lockheed,P-38J-10,Lightning,42-67543,S,1st Lt. Richard Loehnert,California Cutie
185,Corgi,AA33005,72,Vought,F4U-1D,Corsair,57803 White 167,167,Lt. Cdr. Roger R. Hedrick,
186,Corgi,AA35707,72,Messerschmitt,ME-262,Schwalbe,,White 1,Franz Schall,
187,SkyMax,SM5004,72,Aichi,D3A1,Val/Kanbaku,A1-211,,,
188,Corgi,49104,72,Hawker,MKLI,Hurricane,P2798,,Flt I R Gleed,
189,Corgi,AA34304,72,Focke-Wulf,FW190A-4,Würger,,,Oberleutenant Adolf Dickfield,
190,Corgi,AA34010,72,Consolidated,B-24,Liberator,,,,Pistol Packin' Mama
191,Corgi,AA32003,72,Hawker,MKIID,Hurricane,,,,
192,SkyMax,SM8002,72,Douglas,TBD-1,Devastator,0299,71-5-16,,
193,Corgi,AA39502,72,Short,Mk1,Stirling,BF372,OJ-H,F/SGT Middleton VC# 1942,
194,Hobby Master,HA2302,72,Bristol,Mk.IF,Beaufighter,R2101,NG-R,Flt Lt John Cunningham,
195,Corgi,AA32611,72,Avro,BI,Lancaster,L7571,OF X,,
196,Corgi,AA35214,72,Curtiss,P-40F,Warhawk,,,Lt. Col. Robert Baseler,Stud
197,IXO,PIXJ000015,72,Kawanishi,N1K2-J,Shiden-kai/George,,,,
198,Corgi,AA33009,72,Vought,F4U-1D,Corsair,530,,1st Lt. M. O. Chance,
199,Corgi,US33014,72,Vought,F4U,Corsair,,18,,
200,Oxford,AC009,72,Curtiss,P-40E MK1A,Kittyhawk,AK578,GA V,PFO Neville Duke,
201,Hobby Master,HA1511,72,North American,SNJ-3,Texan,Bu No. 6775 VN3D8,75,,
202,Corgi,AA33301,72,Boeing,B-17,Flying Fortress,,,,Memphis Belle
203,IXO,DDIJ00009,72,Republic,P-47D,Thunderbolt,,B UN,,
204,Corgi,AA35304,72,North American,B-25J,Mitchell,FR397,MQ,,
205,Corgi,AA33825,72,Curtiss,,Thunderbolt,,,,
206,Corgi,HC32508,72,Junkers,JU-87R-2,Stuka,A5_HH,,,
207,Corgi,AA35310,72,North American,B-25C,Mitchell,112566,9B,1st Lt. George Bauer,Legal Eagle
208,Corgi,AA99189,72,Supermarine,Mk I,Spitfire,X4330,G QJ,Vice Air Marshall James Edgar 'Johnnie' Johnson,
209,Corgi,AA31910,72,Supermarine,MKVC,Spitfire,,,Wg Cdr Clive Caldwell,
210,SkyMax,SM2002,72,Lavochkin,LA-5FN,,,01,Captain Vitaliy Popkov,
211,Corgi,HC33814,72,Republic,P-47D,Thunderbolt,,,Maj. Wm. Dunham,Bonnie
212,Corgi,AA36207,72,Gloster,MK.I,Gladiator,K7895,K7895,,
213,Corgi,AA31902,72,Supermarine,MKVB,Spitfire,EP706/T-L,,Sq. Ldr. Maurice Stephens,
214,Corgi,AA35302,72,North American,B-25B,Mitchell,02344,,Lt. Col. Jimmy Doolittle,
215,Oxford,AC007,72,Messerschmitt,Me 262A-1a,Schwalbe,,White 3,Generalleutnant Adolf Galland,
216,Matchbox,97479,72,Grumman,F6F-5,Hellcat,,,,
217,Corgi,AA33709,72,Heinkel,HE 111H,,,6n+BK,,
218,Dragon,50048,72,Messerschmitt,ME109E-1,,RLM71/02+RLM65,,,
219,Corgi,AA38801,72,Dornier,Do 17Z,,,F1+FH,,
220,Corgi,WB99615,72,Curtiss,Mk IV,Kittyhawk,,GA G,Sqn Ldr Clive Tolhurst,
221,Corgi,WB99614,72,Supermarine,MK IX,Spitfire,ML296,DU N,Flt. Lt. Otto Smik,
222,Corgi,AA38402,72,Bristol,1F Night Fighter,Blenheim,LI327,I-RO,,
223,Corgi,49002,72,Supermarine,MKIIA,Spitfire,,,Wing Commander Douglas Bader,
224,Oxford,AC038,72,Morane-Saulnier,MS 406C,,,5,,
225,Hobby Master,HA0163,72,Douglas,SBD-2,Dauntless,BuNo 4628,2-B-6,,
226,Corgi,49003,72,Supermarine,MKII,Spitfire,P8081/DU-R,,Garfield Weston,
227,Corgi,AA36803,72,Westland,Mk.II,Lysander,R1992,,,
228,Corgi,PR99411,72,Douglas,SBD-3,Dauntless,,1,,
229,Dragon,50079,72,Focke-Wulf,FW190D-9,Würger,,,Waldemar Wubke,Papagie Staffel
230,Matchbox,C4498,72,Mitsubishi,A6M5,Rei-sen (Zeke/Zero),,,,
231,Corgi,AA35301,72,North American,B-25J,Mitchell,44-30748,,1st Lt. Carl Bernasto,Heavenly Body
232,Corgi,AA39604,72,Hawker,,Hart,J9941,57,,
233,Corgi,US32227,72,North American,P-51D-15,Mustang,44-15326,QP H,Maj. Gerald Montgomery,Sizzlin Liz
234,Corgi,AA32602,72,Hawker,,Hurricane,,,,
235,Corgi,AA38502,72,Messerschmitt,Bf-110G-4,Zerstörer,12NJG1,G9+EZ,Oberlieutenant Heinz-Wolfgang Schnaufer,
236,Corgi,AA32502,72,Junkers,JU 87R-2 Trop,Stuka,T6+CP,,,
237,Hobby Master,HA7904,48,Boeing,218# P-12E Prototype,,X66W,,Lt. Robert Short,
238,Corgi,AA39704,72,Hawker,Mk.IIC,Hurricane,HW840,EC S,light Lieutenant Jimmy Whalen DFC,
239,Hobby Master,HA2208,72,Curtiss,SB2C,Helldiver,,White 114,,
240,IXO,PIXJ000014,72,Dornier,Do 335A-1,Pfeil,102,VG PH,,
241,Hobby Master,HA2007,72,Nakajima,B5N2 Type 97,Kate,,,,
242,Dragon,50047,72,Messerschmitt,ME109E-3,,RLM71/02+RLM65,,,
243,Corgi,AA36906,72,Junkers,JU 52/3m,Tante Ju,,1Z+LK,,
244,Corgi,AA33314,72,Boeing,B-17F,Flying Fortress,41-24577,VK-D,Capt Iri E. Baldwin,Hell's Angels
245,Corgi,PR99405,72,Douglas,SBD-3,Dauntless,,B1,Lt. Richard H. Best,
246,Hobby Master,HA1703,72,Bell,P-39,Aircobra,,,,County of London
247,Corgi,WB99602,72,North American,P-51 MK III,Mustang,,G PK,,
248,IXO,DDIJ00010,72,Lavochkin,LA-7,,,93,,
249,Corgi,US32112,72,Messerschmitt,BF109E,,,1,Ace Oberleutnant Herbert Ihlefeld,
250,Corgi,AA34006,72,Consolidated,B-24J,Liberator,,,,Booby Trap
251,War Master,APF0007,72,Boulton Paul,Mk II,Defiant,,PS A,,
252,Corgi,AA32818,72,De Havilland,FB VI,Mosquito,HR405,NE A,,
253,IXO,PIXJ000017,72,Heinkel,HE 219 A-O,Uhu (Eagle-Owl),,BB,,
254,Corgi,48205,144,Boeing,B-17G,Flying Fortress,,,,Sentimental Journey
255,Hobby Master,HA2306,72,Bristol,Mk.I,Beaufighter,,E,Guy Gibson,
256,IXO,DDIJ00021,72,Blackburn,,Skua,S,,,
257,Hobby Master,HA1704,72,Bell,P-39,Aircobra,6,,,
258,Corgi,AA35312,72,North American,B-25B,Mitchell,02261,,Lt. Ted Lawson,Ruptured Duck
259,Matchbox,92098,72,North American,P-51D,Mustang,,,,
260,Dragon,50088,72,Republic,P-47D,Thunderbolt,229290,,,Saucy Susie
261,Hobby Master,HA0111,72,Douglas,SBD-2,Dauntless,,284,,
262,Matchbox,H3739,72,North American,P-51D,Mustang,,,Don Gentile,Shangri La
263,Oxford,AC013,72,Hawker,Mk I,Typhoon,MP126,ZY Y,Sqn Ldr B. Gerald Stapleton,
264,Corgi,AA36805,72,Westland,Mk. II,Lysander,L4761,AN B,,
265,Corgi,AA32007,72,Hawker,MKIIC,Hurricane,LF380# FI-D,,,
266,Dragon,50042,72,Mitsubishi,A6M2 Type 22,Rei-sen (Zeke/Zero),,,,
267,Corgi,AA33310,72,Boeing,B-17,Flying Fortress,230235,QW U,,Zoot Suiters
268,Corgi,AA33805,72,Republic,P-47D,Thunderbolt,,,Maj. William. Dunham,Bonnie
269,Corgi,AA31908,72,Supermarine,MKVB,Spitfire,W3848# JU-H,,Sgt. Peter DurnForm,
270,Corgi,AA36502,72,Hawker,Mk IB,Typhoon,R7752,PR G,Sqn Ldr Roland Beamont,
271,IXO,PIXJ000005,72,North American,P-51D,Mustang,472218,,Col. John Landers,Big Beautiful Doll
272,Corgi,AA33802,72,Republic,P-47D,Thunderbolt,,,,
273,Corgi,AA32510,72,Junkers,Ju 87B-2,Stuka,,T6+BM,,
274,IXO,PIXJ000020,72,Henschel,HS 129,Panzerknacker,,K,,
275,Corgi,HC33810,72,Republic,P-47D,Thunderbolt,,,Lt. Fred Christensen,Boche Buster
276,Corgi,AA31702,144,Short,,Sunderland,,,,
277,Corgi,49101,72,Hawker,MKI,Hurricane,P3854,,Sqd Ldr Peter Townsend,
278,Matchbox,97477,72,Vought,F4U-1A,Corsair,,,,
279,Corgi,PR99409,72,Grumman,TBM-3,Avenger,,127,,
280,Corgi,AA33015,72,Vought,F4U,Corsair,JT590,P,,
281,Oxford,AC033,72,Bell,,Aircobra,,,,
282,Dragon,50049,72,Mitsubishi,A6M2B Type 21,Rei-sen (Zeke/Zero),,,,
283,Corgi,AN32011,72,Hawker,Mk I,Hurricane,P3854,VY Q,Sqn. Ldr Peter Townsend,
284,Corgi,AA32202,72,North American,P-51D,Mustang,,,1st Lt Henry Brown,The Hun Hunter from Texas
285,Corgi,AA37203,72,Handley Page,AV,Halifax,DG396,QQ,,
286,Corgi,AA99189,72,Supermarine,Mk Vb,Spitfire,EP 256,B DW,Vice Air Marshall James Edgar 'Johnnie' Johnson,
287,Corgi,AA35703,72,Messerschmitt,ME262A-1A,Schwalbe,,Red 13,,Oberstletnant Heinz Bar
288,Hobby Master,HA1113,72,Grumman,F6F,Hellcat,,White 6,,
289,Corgi,AA31901,72,Supermarine,,Spitfire,,,,
290,Corgi,US35213,72,Curtiss,P-40E-1,Warhawk,41-25164,,1st Lt. John D. Landers,Texas Longhorn
291,Corgi,AA36904,72,Junkers,JU 52/3m,Tante Ju,,RJ+NP,,
292,Corgi,AA32604,72,Avro,B.I,Lancaster,,,Guy Gibson,Admiral Prune
293,Corgi,AA31905,72,Supermarine,MkI,Spitfire,,,Sqn. Ldr. Brian Lane,
294,Corgi,AA36309,72,Fairey,Mk II,Swordfish,LS326,L2,,
295,Oxford,72TM001,72,De Havilland,DH.82A,Tiger Moth,T-6296,,,
296,Oxford,AC037,72,Fiat,G.55,Centauro,,5,Capt. Giovanni Bonet,
297,IXO,PIXJ000016,72,Fiat,,Centauro,,,,
298,Corgi,AA32101,72,Messerschmitt,BF109E-4/B,,,,,
299,Corgi,AA31903,72,Supermarine,,Spitfire,,,Jan (Johann) Zumbach,Donald Duck
300,Hobby Master,HA7006,48,Brewster,F2A,Buffalo,1406,2-F-!,,
301,Corgi,48804,144,Short,MKIII,Sunderland,W4004,,,
302,Hobby Master,HA2308,72,Bristol,Mk.VI,Beaufighter,T9068,V,,
303,Aviation 72,AV72-21002,72,,,,,,,
304,Corgi,AA36902,72,Junkers,JU 52/3MG7E (MS),Tante Ju,,PD+KH,,
305,Corgi,AA32810,72,De Havilland,FB VI,Mosquito,HX992/EG-F,,Group Capt. P.C.Pickard,F for Freddie
306,Hobby Master,HA8001,48,Hawker,Mk.I,Fury,K1930,,Sqn Ldr R. H. Hanmer,
307,Corgi,AA35701,72,Messerschmitt,ME262A-1A,Schwalbe,White 3,,Generallutenant Adolf Galland,
308,Corgi,AA34017,72,Consolidated,B24D,Liberator,124282,A Y,,Ruth-less
309,Hobby Master,HA1204,72,Grumman,TBF-1C,Avenger,NZ2518,518,Fred Ladd,Plonky
310,Oxford,AC014,72,De Havilland,FB.Mk VI,Mosquito,NS850,TH M,Sqn Ldr Robert Allen Kipp & Flt Lt Peter Huletsky,Black Rufe
311,Hobby Master,HA8003,48,Hawker,Mk.I,Fury,,50,,
312,Corgi,AA36804,72,Westland,Mk IIIA (SD),Lysander,V9367,,,
313,Corgi,49103,72,Hawker,MKI (TROP),Hurricane,P3731,,F. N. Robertson,
314,Corgi,AA32211,72,North American,P-51D,Mustang,,,Lt. Col. A. P. Tacom Jr.,
315,Hobby Master,HA1803,72,Messerschmitt,BF 110G-4,Zerstörer,,G9+EF,Major Heinz-Wolfgang Schnaufer,
316,Corgi,US33813,72,Republic,P-47D,Thunderbolt,,,,
317,Corgi,AA33703,72,Heinkel,HE 111P-2,,,,,
318,Corgi,US33309,72,Boeing,B-17G,Flying Fortress,42-31909,R OR,,Nine O Nine
319,Corgi,US39914,72,North American,P-51B,Mustang,,90,Capt. Robert Barkey,Dorothy III
320,Corgi,AA36801,72,Westland,Mk II,Lysander,N1294,LX T,,
321,Corgi,AA32516,72,Junkers,Ju 87R-2,Stuka,,208,Capitano Raul Zucconi,
322,IXO,PIXJ000010,72,Nakajima,Ki-43-II,Hayabusa/Oscar,,,,
323,IXO,DDIJ00025,72,Heinkel,HE 162,Volksjager (Salamander),,1120,,
324,Corgi,AA38705,72,Supermarine,F.Mk XIVe,Spitfire,RN135,YB-A,Sqn Ldr James 'Ginger' Lacey,
325,Hobby Master,HA2001,72,Nakajima,B5N2,Kate,,AI-301,Ensign Kazumasa Kaneda,
326,Corgi,PR99408,72,Grumman,F6F-3,Hellcat,,White 17,,
327,Corgi,AA39605,72,Hawker,,Demon,,,,
328,Corgi,AA33713,72,Heinkel,HE111H-5,,,,,
329,Corgi,AA38403,72,Bristol,Mk IF,Blenheim,K7159,YX-N,,
330,IXO,PIXJ000022,72,Messerschmitt,BF110E-1,Zerstörer,,S9 P,,
331,War Master,APF0008,72,Nakajima,KI-84,Hayate/Frank,20,,,
332,Corgi,US33107,72,Mitsubishi,A6M3-22,Rei-sen (Zeke/Zero),T2 165,,PO2/c Shoichi Sugita,
333,Hobby Master,HA1809,72,Messerschmitt,BF 110G-4,Zerstörer,110087,- + KA,,
334,Corgi,47106,144,Douglas,C-47A/DC3,Dakota,ZA 947,Y5 DM,,
335,Corgi,AA32514,72,Junkers,JU -87B-2,Stuka,,TB-KN,,
336,Hobby Master,HA7504,48,Boeing,P-26,Peashooter,3049,,,
337,Corgi,AA33006,72,Vought,F4U,Corsair,KD345,,,
338,Corgi,AA33004,72,Vought,F4U-1A,Corsair,86,,"Maj. Gregory "Pappy" Boyington",Lucybelle
339,Matchbox,H3737,72,Curtiss,P-40E,Warhawk,,,,Aleutian Tiger
340,Hobby Master,HA1706,72,Bell,P-39D,Aircobra,24520,X-R,,Evelyn
341,Oxford,AC003,72,Hawker,Mk I,Hurricane,L1926,DU J,PO Alois Vasatko,
342,Corgi,AA99127,72,Supermarine,,Spitfire,,,,
343,Hobby Master,HA7302,48,Grumman,F3F-2,Flying Barrel,0976,2-MF-16,1st Lt. Robert Galer,
344,SkyMax,SM5001,72,Aichi,D3A1,Val/Kanbaku,B1-231,,Lt. Cmdr Egusa,
345,Corgi,WB99624,72,Republic,P-47D,Thunderbolt,275140,HV M,"Cpt. Boleslaw "Mike" Gladych",Pengie II
346,Corgi,AA36302,72,Fairey,MkI,Swordfish,,W5856,,
347,Hobby Master,HA1710,72,Bell,P-39Q,Aircobra,,84,,
348,Corgi,AA35308,72,North American,B-25D-1,Mitchell,130517,,,CRAB 2nd
349,Corgi,AA38207,72,Douglas,C-47,Skytrain,42-100646,E     L$,,
350,Corgi,AA38701,72,Supermarine,Mk XIV,Spitfire,,DL K,Flt. Lt. H.D.Johnson,
351,Corgi,US35307,72,North American,B-25 (PBJ-1J),Mitchell,35843,,,
352,Corgi,HC32210,72,North American,P-51,Mustang,,,Lt. Col. Avelin P. Tacon Jr.,
353,Unimax,85246,72,Martin,B-26B,Marauder,296165,6B-T,,The Big# Hairy Bird
354,Corgi,AA31917,72,Supermarine,MkVIII,Spitfire,,V RG,Wg. Cmdr. Robert Gibbes,
355,Corgi,AA33303,72,Boeing,B-17,Flying Fortress,,,,
356,IXO,DDIJ00015,72,Kawanishi,N1K2-J,Shiden-kai/George,343-A15,,Naoshi Kanno,
357,SkyMax,SM4001,72,Hawker,Mk B,Tempest,,JF-K,G. E. Kosh,
358,Corgi,AA32515,72,Junkers,Ju 87B-1,Stuka,,S2+AC,Major lfons Orthofer,
359,Corgi,AA32601,72,Avro,B.I,Lancaster,R5868/PO-S,,,
360,Corgi,US34308,72,Focke-Wulf,FW 190A-4,Würger,,1,Lt. Walter Nowotny,
361,Hobby Master,HA2204,72,Curtiss,SB2C,Helldiver,,3.F 3,,
362,Corgi,US35207,72,Curtiss,P-40,Kittyhawk,ET953,CV V,Sqn.Ldr.Bobby Gibbes,
363,Corgi,US32106,72,Messerschmitt,Bf 109G-6,,,8,Lt. Werner Schroer,
364,Oxford,AC021,72,North American,P-51D,Mustang,,,Maj. Louis (Red Dog) Norley,Red Dog XII
365,Oxford,AC008,72,Vought,F4U-1,Corsair,,125,2nd Lt Donald Balch,
366,Hobby Master,HA7009,48,Brewster,B-239,Buffalo,,BW-364,Eino Ilmari Juutilainen,
367,SkyMax,SM8005,72,Douglas,TBD-1,Devastator,,6-T-4,,
368,Corgi,AA38203,72,Douglas,C-47 / Mk.III,Dakota,KG374,YS-DM,Flt. Lt. David S. A. Lord VC,
369,Hobby Master,HA1512,72,North American,SNJ-3,Texan,,,,
370,Hobby Master,HA7501,48,Boeing,P-26,Peashooter,,13,,
371,Corgi,HC30009,144,Douglas,C-47,Skytrain,,,,
372,Corgi,WB99617,72,Supermarine,Mk.Va,Spitfire,W3185,D B,W/C Douglas Bader,
373,Oxford,AC005,72,Focke-Wulf,Fw 190A,Würger,,1 + -,Oberleutnant Otto Stammberger# Staffelkapitan,
374,Oxford,AC031,72,Gloster,F3,Meteor,EE274,YD P,,
375,Corgi,WB99629,72,Messerschmitt,Me.262A-1A,Schwalbe,,Yellow 3,Obfw. Hermann Buchner,
376,Corgi,AA39203,72,Supermarine,MkII,Spitfire,P7350,QJ K,,
377,Corgi,WB99609,144,Avro,B.Mk III,Lancaster,,QR-M,,Mickey the Moocher
378,Hobby Master,HA7005,48,Brewster,F2A,Buffalo,,2-F-16,,
379,Corgi,WB99630,72,Supermarine,Mk.IX,Spitfire,MA585,KH-B,"George "Buzz" Beurling",
380,IXO,DDIJ00013,72,Douglas,SBD-3,Dauntless,,S-7,Dale Hinton/Jack Leming,
381,Corgi,AA34315,72,Focke-Wulf,FW190 A-8,Würger,,<<- -,Maj Kurt Bühlingen,
382,IXO,DDIJ00016,72,Grumman,F6F-5,Hellcat,,3,,
383,Hallmark,QHA1000,72,Curtiss,P-40,Warhawk,,,,
384,Hallmark,QHA1003,72,Spad,S.XIII,,,,,Smith IV
385,Hallmark,QHA1017,72,Lockheed,P-38,Lightning,,,,Marge
386,Hallmark,QHA1016,72,North American,P-51D,Mustang,,,,Big Beautiful Doll
387,Corgi,49205,72,Messerschmitt,BF109E,,,,Oblt. Franz von Werra,
388,Corgi,AA33101,72,Mitsubishi,A6M2,Rei-sen (Zeke/Zero),,,,
389,Corgi,AA30701,72,Hawker,IIB,Hurricane,BD930,,,
390,Corgi,AA30201,144,Avro,MKVII,Lancaster,NX611B,,,Just Jane
391,Corgi,49001,72,Supermarine,MKI,Spitfire,,,Flt lt Adolf Malan,
392,Corgi,AA33003,72,Vought,F4U-1,Corsair,JT172,,,
393,Corgi,AA33001,72,Vought,F4U-1,Corsair,White 7,,Capt. James N Cupp,"Daphne "C"
394,Corgi,AA31103,144,Boeing,B-17,Flying Fortress,,,,Yankee Doodle
395,Hobby Master,HA1702,72,Bell,P-39Q,Aircobra,219551,,,Devasting Devil
396,Oxford,AC034,72,Lavochkin,,,,,,
397,IXO,DDIJ00019,72,Kawasaki,KI-61,Hein/Tony,,,,
398,IXO,DDIJ00004,72,DeHavilland,Mk VI,Mosquito,,V SP,Tom McFee/Geoffrey Atkins,
399,Corgi,AA32806,72,De Havilland,FB VI,Mosquito,,,,
400,Corgi,AA34303,72,Focke-Wulf,FW190A-3,Würger,,,Hauptmann Hans Hahn,
401,Matchbox,B1099,72,Focke-Wulf,FW190A-7,Würger,,,Maj.Heinz Bar,
402,Corgi,AA31904,72,Supermarine,MKV,Spitfire,,,Neville Duke,
403,Matchbox,91099,72,Grumman,F6F-5,Hellcat,,,,The Minsi
404,Corgi,AA39701,72,Hawker,IIc,Hurricane,BE581,JX-E,FLt. Lt. KM Kuttlewascher,
405,Corgi,AA32501,72,Junkers,JU 87B-2,Stuka,T6-HL,,,Immelmann
406,Corgi,AA38504,72,Messerschmitt,Bf 110G-4/R6,Zerstörer,730301,D5+RL,,
407,Hobby Master,HA7505,48,Boeing,P-26A,Peashooter,,,,
408,Corgi,AA35306,72,North American,PBJ-1D (B-25),Mitchell,,Black 310,,
409,Corgi,AA38805,72,Dornier,Do 17 17Z-1,,,,,Horst Wessel
410,Hobby Master,HA2311,72,Bristol,TF.Mk X,Beaufighter,,F QM,,
411,Corgi,AA38204,72,Douglas,C-47,Dakota,ZA947,AI,,
412,Dragon,50089,72,Republic,P-47M,Thunderbolt,,,Witold 'Lanny' Lanowski,
413,Corgi,AA32615,72,Avro,B.Mk III,Lancaster,ED912,AJ-N,Pilot Off Les Knight,
414,Dragon,50174,72,Republic,P-47D,Thunderbolt,274753,WZ J,,Okie
415,Hobby Master,HA1202,72,Grumman,TBM-3,Avenger,28,F T,,
416,SkyMax,SM2005,72,Lavochkin,La-5FN,,,71,Captain K.S. Nazimov,
417,Hobby Master,HA8005,48,Hawker,,Fury,,,,Munich Crisis
418,IXO,DDIJ00011,72,Yakovlev,,Yak,,1,,
419,Corgi,WB99625,72,Lockheed,P-38J,Lightning,,,,
420,SkyMax,SM4007,72,Hawker,TT Mk 5,Tempest,,,,
421,Corgi,AA35309,72,North American,B-25,Mitchell,KL218,EV,,
422,Corgi,AA32203,72,North American,P-51D,Mustang,,,Capt. Roscoe C Brown,Bunnie
423,Hobby Master,HA1217,72,Grumman,TBF-3E,Avenger,,White 125,,
424,Corgi,AA35202,72,Curtiss,P-40E,Kittyhawk,NZ3040,JZ I,Flt. Lt. Johnnie Gibson,
425,Oxford,AC032,72,Republic,,Thunderbolt,,,,
426,Oxford,AC022,72,Douglas,SBD-5,Dauntless,,S-1,Maj. Christian Lee,
427,IXO,DDIJ00023,72,Polikarpov,I-16,,11,,,
428,Hobby Master,HA1114,72,Grumman,F6F,Hellcat,,135,,
429,Corgi,PR99415,72,Grumman,MK1,Avenger,,2F,,
430,Corgi,AA33307,72,Boeing,B-17G,Flying Fortress,44-83514,,,Sentimental Journey
431,Corgi,AA38503,72,Messerschmitt,Me110C-4,Zerstörer,,A2+Al,,
432,Corgi,AA34801,72,Vickers,MKIA,Wellington,N2873:WS-B,,,
433,Corgi,PR99402,72,Grumman,F6F-5,Hellcat,70143,,Dcr. David McCampbell,Minsi III
434,Dragon,50072,72,Messerschmitt,ME109E-1,,RLM71/02+RLM65,I 11,,
435,Corgi,US34008,72,Consolidated,B24J,Liberator,,,,
436,Matchbox,91058,72,Lockheed,P-38,Lightning,,,,Scat II
437,Corgi,AA38505,72,Messerschmitt,Bf 110C-1,Zerstörer,,U8+HL,Hermann Brinkmann,
438,Corgi,AA37104,72,North American,P-51B,Mustang,40,,Maj. John C. Herbst (CO),Tommy's Dad
439,Corgi,AA31104,144,Boeing,B-17,Flying Fortress,,,,Memphis Belle
440,Hobby Master,HA2209,72,Curtiss,SB2C,Helldiver,,White 15,,
441,SkyMax,SM2003,72,Lavochkin,LA-5FN,,,,,
442,War Master,APF0003,72,Mitsibushi,A6M2-N,Zero-Sen/Rufe,DE III,,,
443,Corgi,US32509,72,Junkers,Ju 87R-2,Stuka,,A5+HH,,
444,Corgi,AA38704,72,Supermarine,PR XIX,Spitfire,PS915,,,The Last
445,Dragon,50127,72,Vought,F4U-1D,Corsair,,559,Major Richard M. Day,Day's Knights
446,Corgi,US33821,72,Republic,P-47D,Thunderbolt,226466,LH L,1st Lt. Kenneth Chetwook,Maggie V
447,Corgi,AA33705,72,Heinkel,HE 111H-6,,1G_HK,,,
448,Corgi,AA36704,72,Junkers,JU 88A-6,,4198,PN+MT,,
449,Corgi,US36109,72,Consolidated,PBY-5A,Catalina,,,Vice Admiral John S. McCain,
450,Corgi,AA36601,72,Lockheed,P-38J,Lightning,2103993,,"Maj Richard "Dick" Bong",Marge
451,Corgi,AA36705,72,Junkers,JU 88 A-1,,,L1-ER,,
452,Corgi,AA34001,72,Consolidated,B-24J,Liberator,453973,,,The Dragon and his Tail
453,Corgi,PR99414,72,Grumman,Mk1,Hellcat,,E -W,,
454,Hobby Master,HA1510,72,North American,MKII,Harvard,AJ838,,,
455,Corgi,AA36205,72,Gloster,MK I,Gladiator,L8009,YK-I,FO Peter Wykeham-Barnes,
456,Corgi,AA39207,72,Supermarine,MkI,Spitfire,P9374,J,,
457,Corgi,AA36306,72,Fairey,,Swordfish,,,,
458,Corgi,AA32004,72,Hawker,MKI,Hurricane,,,Douglas Bader,
459,Gemini Jets,GA1002,72,Supermarine,Mk LFIXe,Spitfire,MK356,2I-V,,
460,Corgi,AA36702,72,Junkers,JU 88A-5,,,4D MN,,
461,IXO,DDIJ00024,72,Brewster,F2A,Buffalo,6,BW-366,,
462,Corgi,AA39915,72,Boeing,B-17F,Flying Fortress,23167,FO S,2nd Lt. Charles Brown,Ye Olde Pub
463,Corgi,49201,72,Messerschmitt,BF109E,,,,Hauptmann Hans Von Hahn,
464,Hobby Master,HA4204,72,Douglas,A-20G,Havoc,,DU-P,,Hilda Shane
465,Corgi,AA33312,72,Boeing,B-17E,Flying Fortress,412488,,,
466,Hobby Master,HA1212,72,Grumman,TBM-3E,Avenger,,4.F6,,
467,Corgi,AA36703,72,Junkers,JU 88A,,,4D GM,,
468,Corgi,AA39302,72,Boulton Paul,MkI,Defiant,N3328,DZ-Z,,
469,Corgi,AA33302,72,Boeing,B-17,Flying Fortress,,,,Sweet & Lovely
470,Corgi,AA36607,72,Lockheed,P-38J,Lightning,,,,
471,Corgi,AA36901,72,Junkers,Ju 52/3MG5E (Floatplane),Tante Ju,,P5+JD,,
472,Corgi,AA36203,72,Gloster,,Gladiator,N5520,,,Faith
473,Corgi,AA33803,72,Republic,P-47D,Thunderbolt,,,Capt. Herschel H Green,Miss Mary Lou
474,Corgi,AA35205,72,Curtiss,P-40E,Warhawk,96,,,Aleutian Tiger
475,Corgi,AA36203,72,Gloster,,Gladiator,N5531,,,Hope
476,Corgi,WB99621,72,Junkers,JU 87B-2,Stuka,,6G+AC,,
477,Corgi,HC32216,72,North American,P-51D,Mustang,,,,The Flying Undertaker
478,Corgi,48901,144,Boeing,B-29,Super Fortress,B-2945-MO 44-86292,82,Colonel Paul W. Tibbets,Enola Gay
479,Corgi,AA31928,72,Supermarine,Mk IB,Spitfire,P9931,B,,
480,Corgi,AA35215,72,Curtiss,P-40E 1A,Kittyhawk,AK-899 (94466),SU-E,,
481,Corgi,AA35204,72,Curtiss,P-40,Kittyhawk,,,Flt Off Neville Duke,
482,Hobby Master,HA1215,72,Grumman,TBM-3,Avenger,301,301,,
483,Corgi,AA32204,72,North American,P-51D,Mustang,,,,Petie 2nd
484,Hobby Master,HA7303,48,Grumman,F3F-2,Flying Barrel,0995,2-M-16,,
485,Corgi,AA32609,72,Avro,B.1(Special),Lancaster,,,,
486,Corgi,AA38804,72,Dornier,Do 215B-4,,,G2+JH,,
487,Corgi,AA39602,72,Hawker,,Demon,,,,
488,Corgi,AA39301,72,Boulton Paul,,Defiant,L7009,TW H,Flt. Lt. D.G. Donald,Cock o the North
489,Corgi,AA37202,72,Handley Page,B.III,Halifax,LK797,LK-E,,
490,Oxford,AC029,72,Supermarine,Mk.I,Spitfire,K9794,,Sqn. Ldr. Henry Cozens,
491,Corgi,49301,72,North American,P-51D,Mustang,,,,Big Beautiful Doll
492,Corgi,AA32506,72,Junkers,JU 87B-2,Stuka,S1+GK,,,
493,Corgi,US32222,72,North American,P-51D-10,Mustang,44-14626,,Lt. Col. Edward O McComas# CO,
494,Corgi,AA99127,72,Messerschmitt,BF109E,,,,,
495,Corgi,AA32817,72,De Havilland,Prototype,Mosquito,W4050,P,,
496,Corgi,AA38803,72,Dornier,Do 17Z,,,5K+HR,,
497,Corgi,US37102,72,North American,P-51B-5,Mustang,43-6913,,Capt. Don Gentile,Shangri-La
498,Corgi,AA36102,72,Consolidated,PBY-5A(OA-10A),Catalina,433879,,,
499,Falcon,FA724006,72,Fieseler,Fi 156C,Storch,,A-99,,
500,SkyMax,SM5005,72,Aichi,D3A1,Val/Kanbaku,A11-256,,,
501,IXO,PIXJ000013,72,Messerschmitt,BF109,,,,,
502,Corgi,AA99133,72,De Havilland,B MKIX,Mosquito,,,,
503,Corgi,AA38404,72,Bristol,Mk I,Blenheim,L6670,UQ,"Sqn Ldr J. Gordon-Finlayson "The Bish",
504,Corgi,AA34003,72,Consolidated,B-24D,Liberator,,,,Strawberry Bitch
505,Corgi,AA39204-B,72,Supermarine,Mk.I,Spitfile,P9433,DW-E,PO Constantine Pegge,
506,Corgi,AA38703,72,Supermarine,Mk XIV,Spitfire,RB159,DW D,Sqm :ed Richard A/ Newbery,
507,Corgi,AA32016,72,Hawker,1b,Hurricane,Z7015,7-L,,
508,Corgi,AA36602,72,Lockheed,P-38J,Lightning,,,Capt. Herschel Exell# Jr.,Eze Does It
509,Hobby Master,HA7007,48,Brewster,F2A-3,Buffalo,,,Capt. William C. Humbert,
510,Gemini Jets,GA2002,72,North American,P-51B,Mustang,fz152,SS,Wing Cmdr Stanislaw Lkalski,
511,Corgi,US32225,72,North American,P-51D,Mustang,472922,L2 W,Robin Olds,Scat VII
512,Hobby Master,HA0112,72,Douglas,SBD-3,Dauntless,,,,
513,Corgi,AA36210,72,Gloster,MkII,Gladiator,N5903,,,
514,Hobby Master,HA2305,72,Bristol,Mk.21,Beaufighter,A8-116,N-SK,,Green Ghost
515,Corgi,AA34305,72,Focke-Wulf,FW190A-4,Würger,,,,
516,Corgi,WB99626,72,Vought,F.Mk.IV,Corsair,KD654,115,"Lt. Robert Hampton "Hammy" Gray",
517,Corgi,49302,72,North American,P-51D,Mustang,,,Chuck Yeager,
518,Corgi,AA34009,72,Consolidated,B-24,Liberator,,,,
519,Falcon,FA724011,72,Fieseler,Fi-156,Storch,ZKR,,,
520,Hobby Master,HA0203,32,Douglas,SBD-3,Dauntless,,,Richard Best,
521,Dragon,50017,72,Mitsubishi,A6M2 Type 21/22,Rei-sen (Zeke/Zero),,,,
522,Hobby Master,HA8002,48,Hawker,Mk.I,Fury,206,,,
523,Hobby Master,HA0130,72,Douglas,SBD-4,Dauntless,,22-C-13,,
524,Corgi,AA34806,72,Vickers,Mk.II,Wellington,W5461,R EP,,
525,Hobby Master,HA7304,48,Grumman,F3F-3,Flying Barrel,BuNo 1451,6-F-15,,
526,Hobby Master,HA7903,48,Boeing,F4B-4,,8252,2B 13,,
527,Corgi,AA32008,72,Hawker,MKI,Hurricane,,,FtO William Lidstone Willie McKnight,
528,Corgi,AA32205,72,North American,P-51D,Mustang,,,Maj. George Preddy,Cripes A' Mighty
529,Corgi,AA34015,72,Consolidated,B-24H,Liberator,128832,,,
530,Corgi,AA39303,72,Boulton Paul,Mk.I,Defiant,N3437,EW-K,,
531,Corgi,AA31909,72,Supermarine,MKVB,Spitfire,ABB52,,Flt. Lt. Brendan Paddy Finucane,
532,Hobby Master,HA7901,48,Boeing,F4B-4,,9029,6-F-!,,Felix the Cat
533,Corgi,US33013,72,Vought,F4U-4A,Corsair,,18,,Death Rattlers
534,Hobby Master,HA1216,72,Grumman,TBM-3,Avenger,,307,,
535,Corgi,US32214,72,North American,P-51,Mustang,,66,Major Norman L. McDonald,Shu-Shu - Chuck-O
536,Matchbox,91731,72,Messerschmitt,BF109G,,,,,
537,Hobby Master,HA4201,72,Douglas,A-20G,Havoc,43-9224,5H-E,,La France Libre
538,Corgi,AA33801,72,Republic,P-47D,Thunderbolt,226641,,Col. Dave Schilling,
539,Falcon,FA724010,72,Fieseler,Fi-156,Storch,,D-51,,
540,Corgi,AA99120,72,Vought,F4U,Corsair,,,,
541,Matchbox,B1097,72,Messerschmitt,BF109G-6 Trop,,,,Gustav Rodel,
542,Corgi,AA33102,72,Mitsubishi,A6M3-22,Rei-sen (Zeke/Zero),,,Hiroyoshi Nishizawa,
543,Corgi,AA32504,72,Junkers,JU -87B-2 Trop,Stuka,,,,
544,Corgi,AA32503,72,Junkers,JU 87B-2,Stuka,,,,
545,Corgi,48201,144,Boeing,B-17G,Flying Fortress,,,,A Bit O' Lace
546,Matchbox,97481,72,Supermarine,MKIA,Spitfire,,,,
547,Corgi,49102,72,Hawker,MKI,Hurricane,,,Sqd Ldr Standford Tuck,
548,Corgi,AA35702,72,Messerschmitt,ME262A-1A,Schwalbe,Yellow 5,,Unteroffizier Anton Schoppler,
549,Corgi,AA32201,72,North American,P-51D,Mustang,,,,Old Crow
550,IXO,PIXJ000012,72,Supermarine,,Spitfire,,,,
551,Corgi,AA32001,72,Hawker,MK-BE 421,Hurricane,,,,
552,Matchbox,91093,72,Vought,F4U-1A,Corsair,,,Major General Carl,
553,Hobby Master,HA0160,72,Douglass,SBD-5,Dauntless,,S-1,Mak. Christian Lee,
554,Corgi,AA32803,72,De Havilland,NFII,Mosquito,,,,
555,Corgi,AA32605,72,Avro,,Lancaster,,,,
556,Corgi,49303,72,North American,P-51D,Mustang,,,,Gun Fighter
557,Corgi,AA32602,72,Avro,,Lancaster,,,,
558,Corgi,AA32002,72,Hawker,MK1,Hurricane,W9349/E,,,
559,Corgi,AN32107,72,Messerschmitt,Bf 109E,,,,Gruppenkommandeur Hauptmann Hans Von Hahn,
560,Corgi,AA36206,72,Gloster,Mk II,Gladiator,,N5851,Sgt Ron Walter,
561,Corgi,AA34301,72,Focke-Wulf,FW190A,Würger,White B,,Leutenant Walter Nowotny,
562,Matchbox,91733,72,Focke-Wulf,FW190,Würger,,,Unteroffizer Willi Maximowitz,
563,Corgi,HC34504,32,Wright,,,,,Orvill & Wilbur Wright,
564,Matchbox,91734,72,Republic,P-47D,Thunderbolt,,,Col. Francis Grabreski,
565,Corgi,AA32104,72,Messerschmitt,BF109E,,,,Staffelkapitan Eduard Neuman,
566,Corgi,AA33704,72,Heinkel,HE 111H-6,,1H+FK,,,
567,Corgi,AA31906,72,Supermarine,MKVB,Spitfire,4Q,,,
568,Corgi,AA99126,72,Republic,P-47D,Thunderbolt,,,,
569,Corgi,AA36303,72,Fairey,Mk I,Swordfish,V4367,,,
570,Dragon,50020,72,Mitsubishi,A6M2,Rei-sen (Zeke/Zero),AI-155,,Lt. Commander Shigeru Itaya,
571,Corgi,AA39204-A,72,Supermarine,Mk.I,Spitfile,X4067,DW K,Sgt S. J. Arnfield,
572,Hobby Master,HA2307,72,Bristol,Mk IF,Beaufighter,V8324,RO-B,,Bambi
573,Corgi,US33819,72,Republic,P-47D,Thunderbolt,27890,QP B,"Duane "Bee" Beeson",
574,Dragon,50087,72,Messerschmitt,BF109G-2,,Black 6',,,
575,Corgi,AA32809,72,De Havilland,FB IV,Mosquito,HR118# 3-W,,,
576,Corgi,HC33807,72,Republic,P-47,Thunderbolt,,,,Harriett
577,Corgi,AA33010,72,Vought,F4U-7,Corsair,,,,
578,Dragon,50074,72,Focke-Wulf,FW190 D-9,Würger,,,,Black Chevron and Bars
579,Corgi,AA27103,72,Messerschmitt,BF 109G-6,,,Yellow 6,'Udet' Ofw. Alfred Surau,
580,Corgi,AA32603,72,Avro,,Lancaster,L7578/KM-B,,,
581,Dragon,50080,72,Focke-Wulf,FW190D-9,Würger,,,,Black Chevron and Bars
582,Matchbox,C4500,72,Vought,F4U,Corsair,183,,,
583,Hobby Master,HA0113,72,Junkers,JU 87 D-3,Stuka,,TB-GL,,Immelmann
584,Corgi,US34307,72,Focke-Wulf,FW190A-6/R3,Würger,White 11,,,
585,IXO,DDIJ00029,72,Yakovlev,,Yak,,17,,
586,Corgi,AA34803,72,Vickers,MKIII,Wellington,Z1572,,,
587,Corgi,AA31913,72,Supermarine,MkVC,Spitfire,D-VF,,,
588,Corgi,AA99126,72,North American,P-51D,Mustang,,,,
589,Corgi,AA32602,72,Supermarine,,Spitfire,,,,
590,IXO,PIXJ000001,72,Mitsubishi,J2M3,Raiden (Jack),,,,
591,IXO,PIXJ000002,72,Hawker,MK 1b,Typhoon,,,,
592,Corgi,AA39204-C,72,Supermarine,Mk.I,Spitfile,R6891,DW-Q,Sgt R. F. Hamlyn,
593,IXO,PIXJ-2006-13,72,Douglas,,Dauntless,,,,
594,Corgi,US33308,72,Boeing,B-17,Flying Fortress,,,,Mount n Ride
595,Corgi,US35305,72,North American,B-25C,Mitchell,113207,,,OH-7
596,Hobby Master,HA7011,48,Brewster,F2A-3,Buffalo,,White 2,,
597,Dragon,50095,72,Focke-Wulf,Fw190A-5,Würger,7298,Black 13,Major Josef Priller,
598,Dragon,50133,72,Vought,FG-1D,Corsair,55995,99,,Skipper's Orchid
599,IXO,PIXJ000003,72,Vought,F4U-1A,Corsair,29,,,
600,Corgi,AA99183,72,Supermarine,MkVB,Spitfire,BM591 flying as U-2,,,
601,IXO,DDIJ00002,72,Dewoitine,D.520,,277,White 6,Pierre Le Gloan,
602,Dragon,60205,72,Higgins,,LCVP,,,,
603,Corgi,AA31916,72,Supermarine,LF IX,Spitfire,MK392,JE J,Wg. Cdr. Johnnie Johnson,
604,Corgi,US35209,72,Curtiss,P-40E,Warhawk,,White 108,"David Lee "Tex" Hill",
605,Corgi,AA32220,72,North American,P-51D,Mustang,,,,Twilight Tear
606,Hobby Master,HA2304,72,Bristol,VIF,Beaufighter,ND220,,Sqn. Ldr J.H. Etherton,
607,Hobby Master,HA8004,48,Hawker,Mk. I,Fury,K5674,,,
608,Dragon,50189,72,General Motors,FM-2,Wildcat,,White B6,Lt. Bruce Allen McGraw,Mah Baby
609,Corgi,AA31921,72,Supermarine,LF IX,Spitfire,PC396,EJ C,"Wg Cdr "Jack" Charles",
610,Hobby Master,HA1214,72,Grumman,TBF-1,Avenger,,8-T-1,,
611,IXO,DDIJ00017,72,Macchi,MC.205,Veltro,,,,
612,Corgi,AA32109,72,Messerschmitt,BF 109E-7,,,,Oberleutnant Ludwig Franzisket# Gruppen Adjudant,
613,IXO,DDIJ00001,72,Bristol,Mk X,Beaufighter,,EE H,,
614,Dragon,50235,72,Grumman,F6F-5,Hellcat,,White 9,Lt. Carl A. Brown,
615,Dragon,50192,72,General Motors,FM-2,Wildcat,,White 29,Lt. Hatherly Foster III,
616,Corgi,AA32811,72,De Havilland,MK III,Mosquito,RR299,HT E,,
617,Dragon,50116,72,Republic,P-47D,Thunderbolt,228066,164,,The Turnip Termites
618,Dragon,50247,72,Grumman,F4F-4,Wildcat,,23,,
619,Corgi,AA33701,72,Heinkel,HE 111H-3,,,,,Hindenberg
620,Corgi,AA34805,72,Vickers,Mk VIII,Wellington,,WN A,,
621,Corgi,AA35706,72,Messerschmitt,ME 262A-1A,Schwalbe,110400,8,Major Walter 'NOWI' Nowotny,
622,Corgi,AA33307,72,Boeing,B-17G,Flying Fortress,44-83514,,,Sentimental Journey
623,Hobby Master,HA0102,72,Douglas,SBD-2,Dauntless,,5,,
624,Unimax,85046,72,Martin,B-26B,Marauder,295867,EW-K,,Shootin In
625,Corgi,US31926,72,Supermarine,Spitfire,Spitfire,,MD T,"2nd LT. Dominic "Don" Gentile",Buckeye-Don
626,IXO,DDIJ00008,72,Grumman,TBF,Avenger,,,,
627,Model Power,05403,100,North American,B-25J,Mitchell,327900,,,Bottoms-Up II
628,Dragon,50243,72,Messerschmitt,ME 262B-1A,Schwalbe,118639,Red 35,,
629,Corgi,WB99601,72,Supermarine,MK I,Spitfire,X4179,Q VH,"George "Grumpy" Unwin",
630,IXO,PIXJ000021,72,Curtiss,P-40N,Warhawk,660,,Lt. Col. W.N. Reed,Boss's Hoss
631,IXO,DDIJ00006,72,Focke-Wulf,FW 190A-8,Würger,,12,,
632,IXO,PIXJ000023,72,Bloch,MB-152,,,74,,
633,Corgi,AA32812,72,De Havilland,NF MkII,Mosquito,D6670,YP S,,
634,Corgi,AA36204,72,Gloster,Mk I,Gladiator,284,,,
635,IXO,DDIJ00008,72,Grumman,TBF,Avenger,,,,
636,Hobby Master,HA0101,72,Junkers,JU 87 G-1,Stuka,,,,
637,Corgi,AA31927,72,Supermarine,Mk VB,Spitfire,EP210,538,,
638,Corgi,WB99608,72,Junkers,JU 87B,Stuka,,T6 A,Hans Ulrich Rudel,
639,Corgi,AA99189,72,Supermarine,Mk IX,Spitfire,EN398,J EJ,Vice Air Marshall James Edgar 'Johnnie' Johnson,
640,IXO,DDIJ00020,72,Junkers,JU 87 D-5,Stuka,,CB,,
641,Corgi,AA36708,72,Junkers,,,,,,
642,Hobby Master,HA1101,72,Grumman,F6F-5,Hellcat,,,David McCampbell,Minsi III
643,Corgi,AA31914,72,Supermarine,MkVC,Spitfire,BR323,S,Sgt. George Beurling,
644,IXO,PIXJ000025,72,Macchi,MC.205,Veltro,,360 7,,
645,Corgi,AA32612,72,Avro,MkIII,Lancaster,ED932,AJ-G,Wing Commander Guy Gibson,
646,Hobby Master,HA1201,72,Grumman,TBM-1C,Avenger,,3,George Bush,
647,Hobby Master,HA1104,72,Grumman,F6F-3,Hellcat,,19,LT.CMDR  Alexander Vraciu,
648,Matchbox,91366,72,Supermarine,Mk1A,Spitfire,,,'Lt. Col. Dunn',
649,IXO,DDIJ00026,72,Ilyushin,IL-10,,,,,
650,IXO,PIXJ000031,72,Bristol,MkX,Beaufighter,,EE H,,
651,Corgi,AA32207,72,North American,P-51D,Mustang,,,Kit Carson,Nooky Booky III
652,Hobby Master,HA1504,72,North American,AT-6A,Texan,,X-524,,
653,Model Power,MP5564,100,Dornier & Messerschmidtt,Do 217E & ME328,,,JT+FL,,
654,Corgi,AA39201,72,Supermarine,Mk I,Spitfire,,EB Q,PO Eric Stanley Lock,
655,Corgi,49202,72,Messerschmitt,BF109E,,,,Adolf Galland,
656,Hobby Master,HA1801,72,Messerschmitt,Bf 109G-2/R3,Zerstörer,,2N+EM,,
657,Corgi,AA39501,72,Short,Mk.I,Stirling,N6086,LS-F,,MacRoberts Reply
658,Hobby Master,HA1701,72,Bell,P-39N,Aircobra,29004,100,Col. A.I. Pokryshkin,
659,Corgi,WB99619,72,Focke-Wulf,FW 190A-5,Würger,,,Maj. Hermann Graf,
660,Hobby Master,HA1105,72,Grumman,F6F-5N,Hellcat,,13,Lt. William E# Henry,
661,Hobby Master,HA2002,72,Nakajima,B5N2,Kate,BI-310,,Commander's aircraft,
662,Gemini Jets,GA2007,72,North American,P-51B,Mustang,,T9+CK,,Wanderzirkus
663,Hobby Master,HA1804,72,Messerschmitt,Bf-110G,Zerstörer,,2Z+OP,,
664,Dragon,60362,72,Higgins,,LCVP,,,,
665,Hobby Master,HA2003,72,Nakajima,B5N2,Kate,EII-307,,Ensign Kazumasa Kaneda,
666,IXO,DDIJ00007,72,Messerschmitt,ME262,Schwalbe,,,,
667,Hobby Master,HA2004,72,Nakajima,B5N2,Kate,3-317,8,,
668,Hobby Master,HA0126,72,Douglas,SBD-3,Dauntless,,,,
669,Hobby Master,HA1111,72,Grumman,Mk. I,Hellcat,JV104,,Lt. Colin J. Campbell,
670,Corgi,AA37206,72,Messerschmitt,ME-262B-1A/U1,Schwalbe,,Red 12,Lt. Herbert Altner,
671,Corgi,US37107,72,North American,P-51B-5,Mustang,43-6819,QP-B,"Capt Duane W "Bee" Beeson",
672,Matchbox,91057,72,North American,P-51D,Mustang,,,John C. Meyer,Petie
673,Corgi,US33315,72,Boeing,B-17F,Flying Fortress,124485,A-DF,Lt. Robert Morgan,Memphis Belle
674,Corgi,AA33702,72,Heinkel,HE 111H-6,,,,,
675,Hobby Master,HA0202,32,Douglas,SBD-5,Dauntless,,White I,,Ace of Spades
676,Hobby Master,HA2006,72,Nakajima,B5N2,Kate,BI-312,,,
677,Corgi,WB99625,72,Lockheed,P-38J,Lightning,131,,Maj. Tommy Mcguire,Pudgy IV
678,Corgi,AA36706,72,Junkers,JU 88A-5,,,NS,,
679,Corgi,AA32009,72,Hawker,MkIID (tank buster),Hurricane,,HV667,,
680,Corgi,AA31932,72,Supermarine,MkIX,Spitfire,PT396,EJ-C,Wing Co. 'Jack' Charles,
681,Hobby Master,HA0162,72,Douglas,SBD-5,Dauntless,,167,,
682,Hobby Master,HA7305,72,Grumman,F3F-1,Flying Barrel,0256,7-F-1,,
683,Corgi,AA32017,72,Hawker,1B,Hurricane,W9220,,Sub Lt. R.J. Cork,
684,Corgi,AA36202,72,Gloster,Mk. I,Gladiator,N2272,G,Sub Lt. J W Sleigh,
685,Corgi,AA36308,72,Fairey,Mk I,Swordfish,,,Lt. Cmdr. Eugene Esmonde,
686,Corgi,AA32019,72,Hawker,Mk I,Hurricane,,,Fl Off. Edgar 'Cobber' Kain,Paddy III
687,Dragon,50125,72,Republic,P-47D,Thunderbolt,276179,HV V,Lt. Frank W. Klibbe,Little Chief
688,Corgi,AA32208,72,North American,P-51D,Mustang,41-4937,,Capt. Jim Browning,Gentleman Jim
689,Unimax,85045,72,North American,B-25J,Mitchell,226,,,
690,Hobby Master,HA1112,72,Grumman,F6F,Hellcat,,White 9,,
691,Unimax,85245,72,North American,B-25J,Mitchell,429358,,,
692,Corgi,US39914,72,Republic,P-47D,Thunderbolt,,30,Lt.Warren Penny,
693,Corgi,WB99620,72,Hawker,Mk I,Hurricane,,DT-A,Robert Stanford Tuck,
694,Hobby Master,HA1703,72,Bell,P-39,Aircobra,,,,County of London
695,Corgi,WB99610,72,Curtiss,P-40 MK IA,Kittyhawk,,I,Flt. Lt. Les Jackson,
696,Hobby Master,HA0166,72,Douglas,SBD-5,Dauntless,NZ5060,,,
697,SkyMax,SM4006,72,Hawker,,Tempest,,,,
698,Corgi,AA37207,72,Handley Page,,Halifax,,,,
699,Corgi,US34011,72,Consolidated,B-24J,Liberator,,,,Michigan
700,Corgi,AA99126,72,Boeing,B-17F,Flying Fortress,,,,Miss Minookie
701,Corgi,AA36508,72,Hawker,Mk 1B,Typhoon,JR500,5V-X,Flying Officer R.A. Johns,
702,Corgi,AA31802,144,Boeing,B-29A,Super Fortress,,,,Hawg Wild
703,Hobby Master,HA3201,72,Douglas,A-26B,Invader,322369,RG-A,,Stinky
704,Hobby Master,HA1712,72,Bell,P-39Q,Aircobra,43026,CF,,Quanto Costa
705,SkyMax,SM8003,72,Douglas,TBD-1,Devastator,0300,2-T-!,Lt. Cdr. W. Sinton,
706,SkyMax,SM8002,72,Douglas,TBD-1,Devastator,0299,71-5-16,,
707,Oxford,AC027,72,Arado,AR 196 A-3,,,,,
708,Corgi,AA32217,72,North American,P-51K MkIV,Mustang,GA-S,,,
709,War Master,APF0009,72,Mikoyan-Gurevich,MiG-3,,,,,
710,War Master,APF0005,72,Morane-Saulnier,MS 406,,N 923,7,,
711,Corgi,AA38506,72,Messerschmitt,BF110,Zerstörer,,+S,,
712,Gemini Jets,GAUSA2MF1,72,North American,P-51C,Mustang,,72,,INA that Macon Belle
713,Corgi,AA33305,72,Boeing,B-17G,Flying Fortress,,,,2nd Patches
714,War Master,APF0016,72,Dewoitine,D.520,,,4,,
715,Oxford,AC028,72,Focke-Wulf,Ta 152H-1,Höhenjäger,,Green 3,Oberfelwebel Josef Keil,
716,Hobby Master,HA1713,72,Bell,P-39K,Aircobra,24358,White 23,Lt. William F. McDonough,
717,Hobby Master,HA3205,72,Douglas,A-26B,Invader,133205,F8 M,,Rose Marie
718,Corgi,AA32105,72,Messerschmitt,BF 109E,,,,Oberleutnant Ludwig Franzisket,
719,Oxford,AC040,72,Henschel,HS 123A,,,CB+AF 21,,
720,Oxford,AC020,72,Grumman,Mk.I,Hellcat,,E O,Lt Cdr S.G. Orr,
721,Corgi,AA99133,72,Avro,B VI,Lancaster,,,,
722,Oxford,AC001,72,Supermarine,Mk.I,Spitfire,N3249,P OJ,Sgt. Ralph Havercroft,
723,Hobby Master,HA2008,72,Nakajima,B5N2 Type 97,Kate,,,,
724,Falcon,FA724008,72,Morane-Saulnier,MS 500/502,Criquet,2,,,
725,Hobby Master,HA4201,72,Douglas,A-20G,Havoc,43-9224,5H-E,,La France Libre
726,Corgi,HC33011,72,Vought,F4U,Corsair,66,,Ensign Alfred Lerch,
727,IXO,DDIJ00028,72,Ilyushin,IL-2m3,Sturmovik,2,,,
728,Corgi,WB99628,72,Hawker,Mk.IB,Typhoon,R7698,Z-Z,Wg. Cdr. Denys Gillam,
729,Hobby Master,HA7307,48,Grumman,F3F-3,Flying Barrel,1454,5-F-10,,
730,Oxford,AC041,72,Messerschmitt,ME 163B-0,Komet,,PK+QL,Major Wolfgang Spate,
731,Oxford,AC002,72,Messerschmitt,Bf 109E-4,,,,Hauptmann Wolfgang Lippert,
732,Hobby Master,HA1210,72,Grumman,Mk.II,Avenger,JZ 490,,,
733,Corgi,AA38802,72,Dornier,Do 215B-5 Kauz III,,,R4+DC,,
734,Corgi,AA36305,72,Fairey,Mk. II,Swordfish,NF 243,S,,
735,Corgi,AA39915,72,Messerschmitt,Bf1089G-6,,,- + 2,Franz Stigler,
736,Falcon,FA724009,72,Fieseler,Fi 156,Storch,,KN + NO,,
737,Falcon,FA724009,72,Fieseler,Fi-156,Storch,,KN+NO,,
738,Aviation 72,AV72-21001,72,De Havilland,DH.82A,Tiger Moth,R4922,,,
739,Hobby Master,HA1108,72,Grumman,F6F-3,Hellcat,,White 9,Lt. William C. Moseley,
740,Corgi,49004,72,Supermarine,MKI,Spitfire,,,Flg Off. Brian Carbury,
741,Corgi,AA27102A,72,Messerschmitt,Bf109 G-2,,,Yellow 1,Oberleutnamt Herman Graf# Staffelkapitan,
742,Corgi,AA35211,72,Curtiss,P-40E,Warhawk,16,,Lt Clyde V Kinsley,Typhoon Mcgoon
743,Corgi,AA31934A,72,Supermarine,Mk.Vb,Spitfire,BL595,EG E,Flight Lieutenant Bram Van Der Stok,
744,Hobby Master,HA2211,,Curtiss,SB2C,Helldiver,,RRWhite114,,
745,Hobby Master,HA1218,72,Grumman,TBF-3E,Avenger,,White 102,,
746,Corgi,US33822,72,Republic,P-47D-5,Thunderbolt,,83,Maj. Gerald Johnson,
747,Corgi,US34014,72,Consolidated,B-24J,Liberator,42-99813,G,Lt. James V. Moran,Sleepy Time Gal
748,Hobby Master,HA7001,48,Brewster,F2A-2,Buffalo,1409,3-F-11,,
749,Corgi,AA36701,72,Junkers,JU 88A-10,,,L1+EN,,
750,Hobby Master,HA0201,32,Douglas,SBD-2,Dauntless,,,,
751,SkyMax,SM2006,72,Lavochkin,La-5,,,76,,
752,Corgi,AA35708,72,Messerschmitt,Me 262B,Schwalbe,170075,SH,,
753,Corgi,US35206,72,Curtiss,P-40E,Warhawk,,White 104,Maj. Edward Rectror,
754,Oxford,AC042,72,Nakijama,Ki-84,Frank,,,Capt. Tomojiro Ogawa,
755,Matchbox,91736,72,Supermarine,MKII,Spitfire,,,Flt.Lt.Adolphe Vybiral,
756,Corgi,AA39202,72,Supermarine,Mk I,Spitfire,19,K9789,,
757,Corgi,AA33103,72,Mitsubishi,A6M2-21,Rei-sen (Zeke/Zero),,,Saburo Sakai,
758,Dragon,50051,72,North American,P-51D,Mustang,41-3926,,,
759,Corgi,49505,72,Messerschmitt,BF109E,,,,,
760,Corgi,AA34012,72,Consolidated,B-24,Liberator,V1,,,
761,Oxford,AC030,72,Lockheed,P-38J,Lightning,268131,,Maj. Maurice McLary,
762,Corgi,US33815,72,Republic,P-47,Thunderbolt,42-8487,D-5-RE,"Capt. Walker "Bud" Mahurin",
763,Corgi,AA99110,72,De Havilland,,Mosquito,,,,
764,Hobby Master,HA1807,72,Messerschmitt,BF 110G-2,Zerstörer,,Q1+VB,,
765,Corgi,AA34002,72,Consolidated,B-24D,Liberator,,,Major Joseph Tate,Ball of Fire the III
766,Corgi,WB99611,72,Mitsubishi,A6M-3,Rei-sen (Zeke/Zero),UI-105,,Hiroyoshi Nishizawa,
767,Corgi,AA33304,72,Boeing,B-17,Flying Fortress,,,,Yankee Doodle
768,Corgi,AA36209,72,Gloster,Mk.I,Gladiator,L8011,L8011/YK-D,Pat Pattle,
769,Oxford,AC006,72,Hawker,Mk V,Tempest,EJ880,5R R,Flt Lt L. C. Luckhoff,
770,Hobby Master,HA7306,72,Grumman,F3F-1,Flying Barrel,0232,4-F-7,,
771,Corgi,AA32020,72,Hawker,Mk. I,Hurricane,R4118,UP W,Wind Commander Bob Foster,
772,Corgi,AA31924,72,Supermarine,F VIII,Spitfire,JF502,QJ F,Flt Lt 'Eddie' Edwards,
773,Corgi,AA33707,72,Heinkel,HE 111H-22,,,GA,,
774,Hobby Master,HA0200,32,Doulgas,SBD-3,Dauntless,,,LCDR Wade McClusky,
775,Corgi,AA34806,72,Vickers,,Wellington,,,,
776,Hobby Master,HA2005,72,Nakajima,B5N1 Type 97 Model 1,Kate,C1-301,,,
777,Falcon,FA724001,72,Fieseler,Fi 156,Storch,,DL+AW,,
778,Corgi,AA34306,72,Focke-Wulf,FW190A-4,Würger,Yellow 2,,Oberfeldwebel Heinrich Sterr,
779,SkyMax,SM4004,72,Hawker,V,Tempest,JN751,R-B,Roland Beamont,
780,IXO,PIXJ000004,72,Junkers,JU 87,Stuka,494193,,,
781,IXO,DDIJ00027,72,Henschel,HS 129,Panzerknacker,0166,Blue K,,
782,IXO,PIXJ000006,72,Lockheed,P-38J,Lightning,,,,
783,Oxford,AC017,72,Macchi,MC 202 Serie III,Folgore,,91-3,Carlo Maurizio Ruspoli,
784,Hobby Master,HA1208,72,Grumman,TBF-1C,Avenger,,White 97,,
785,Corgi,US34016,72,Consolidated,B-24J,Liberator,44-40759,,,Shack Bunny
786,Corgi,WB99605,72,Focke-Wulf,FW 190A-4,Würger,,8,Walter Nowotny,
787,Dragon,50052,72,North American,P-51D Mk.IV,Mustang,KH716,,,
788,Corgi,AA38405,72,Bristol,MkIVF,Blenheim,V5735,QY-D,,
789,Corgi,AA99120,72,Mitsubishi,,Rei-sen (Zeke/Zero),,,,
790,Corgi,US33816,72,Republic,P-47D,Thunderbolt,27945,QP D,"Lt. Spiros "Steve" Pisanos",Miss Plainfield
791,Hobby Master,HA7902,48,Boeing,P-12E,,17,,,
792,Corgi,AA31911,72,Supermarine,VB,Spitfire,AA 853,C WX,Wing Commander Stefan Witorzenc,
793,IXO,PIXJ000009,72,De Havilland,FB Mk VI,Mosquito,,,,
794,Dragon,50054,72,Focke-Wulf,FW190A-3,Würger,Black 1,,,
795,Corgi,US34309,72,Focke-Wulf,Fw190A-4,Würger,,,Oberleutnant Horst Hannig,
796,Corgi,AA36203,72,Gloster,,Gladiator,N5519,R,,Charity
797,IXO,PIXJ000008,72,Mitsubishi,A6M5,Rei-sen (Zeke/Zero),,,,
798,Corgi,AA32619,72,Avro,B Mk.I (Special),Lancaster,W4964,WS J,,Still Going Strong!
799,Corgi,AA34001,72,Consolidated,B-24J,Liberator,453973,,,The Dragon and his Tail
800,Hobby Master,HA0164,72,Douglas,A-24,Banshee,41-15755,,,
801,Corgi,AA37104,72,North American,P-51B,Mustang,40,,Maj. John C. Herbst,Tommy'S Dad
802,Hobby Master,HA7003,48,Brewster,F2A-2,Buffalo,,201-S-13,,
803,Hobby Master,HA2206,72,Curtiss,SB2C-4E,Helldiver,47,XVF,,
804,Corgi,AA32807,72,De Havilland,FR XVI,Mosquito,,,,
805,Corgi,AA39702A,72,Hawker,Mk. llC,Hurricane,BN230,FT-A,Sqn. Ldr D. Du Vivier,
806,Hobby Master,HA0135,72,Junkers,Ju-87 D3,Stuka,,UF,,
807,Corgi,AA36310B,72,Fairey,Mk.I,Swordfish,L2742,529,,
808,War Master,APF0019,72,Macchi,MC 202,Folgore,,3963,,
809,Corgi,AA36802,72,Westland,Mk I,Lysander,L6877,JV W,,
810,Corgi,AA35215,72,Curtiss,P-40E (Mk 1A),Kittyhawk,AK-899,SU E,,
811,Corgi,AA36301,72,Fairey,Mk.1,Swordfish,Y4372,2P,,
812,Corgi,US33811,72,Republic,P-47D,Thunderbolt,,,Major Glenn Eagleston,
813,Oxford,AC011,72,Lavochkin,LA-7,,,49,,
814,Corgi,AA35303,72,North American,B-25J,Mitchell,429600,,,Bats Outa' Hell
815,Corgi,AA32618,72,Avro,B Mk.I (special),Lancaster,LM220,WS Y,,Getting Younger Every Day
816,IXO,PIXJ000011,72,Focke-Wulf,FW190 D-9,Würger,,,,
817,Hobby Master,HA7002,48,Brewster,F2A-2,Buffalo,,NF D,,
818,Hobby Master,HA1205,72,Grumman,TBM-3,Avenger,,53,,
819,Oxford,AC043,72,Curtiss,P40E,Warhawk,,108,Major David Lee Tex Hill,
820,IXO,DDIJ00012,72,Morane-Saulnier,M.S. 406,,806,1,,
821,Corgi,AA34314,72,Focke-Wulf,FW 190A,Würger,,13,Oberstleutnant Walther Dahl,
822,Hobby Master,HA0129,72,Junkers,JU 87 D-3,Stuka,,S7 A,Walter Siegel,
823,Oxford,AC004,72,Junkers,Ju 87B,Stuka,,F1+AC,,
824,Hobby Master,HA1709,72,Bell,P-39Q,Aircobra,43872,,,
825,Matchbox,91735,72,North American,P-51D,Mustang,,,,Old Crow
826,Corgi,AA32816,72,De Havilland,B XX,Mosquito,,AZ-E,Wing Commander Guy Gibson,
827,Hobby Master,HA1808,72,Messerschmitt,BF110G-4,Zerstörer,,3C+MK,Oblt. Martin Becker,
828,IXO,PIXJ000025,72,Macchi,MC.205,Veltro,,360 7,,
829,Corgi,AA36501,72,Hawker,Mk IB,Typhoon,DN323,Y,,
830,Dragon,50011,72,Mitsubishi,A6M2 Type 21/22,Rei-sen (Zeke/Zero),,,Petty Officer 1st Class Saburo Sakai,
831,Corgi,AA32805,72,De Havilland,,Mosquito,,,,
832,Oxford,AC016,72,Supermarine,Mk Ixe,Spitfire,SM178,9N I,Peter Hillwood,Lady Jane
833,Hobby Master,HA2202,72,Curtiss,SB2C-3,Helldiver,61,,,
834,Corgi,AA34302,72,Focke-Wulf,FW190A,Würger,,,Hauptmann Fritz Losigheit,Black Double Chevron
835,Dragon,50021,72,Mitsubishi,A6M2,Rei-sen (Zeke/Zero),,,Lt. Yoshio Shiga,
836,Corgi,PR99417,72,Douglas,SBD-5A,Dauntless,,White 1,,Ace Of Spades
837,Oxford,AC012,72,Focke-Wulf,Fw 190A-4,Würger,,8,Unter Offizier Helmut Brandt,
838,Corgi,AA33804,72,Republic,P-47D,Thunderbolt,,,Capt. Herschel H Green,
839,IXO,DDIJ00005,72,Nakajima,Ki-43-II,Hayabusa/Oscar,,,Akira Sugimoto,
840,Corgi,AA36310A,72,Fairey,Mk.I,Swordfish,L2742,529,,
841,Oxford,AC026,72,Messerschmitt,Bf 109F-2,,,,Hauptmann Hans Hahn,
842,Corgi,49005,72,Supermarine,MKI,Spitfire,N31383/KL,,Plt Off Alan Deere,Kiwi
843,Dragon,50055,72,Messerschmitt,ME109G-2,,,,,
844,Oxford,AC010,72,Messerschmitt,Bf 109G-10,,,22+-,Major Walter Nowotny,
845,Dragon,50010,72,Mitsubishi,A6M2 Type 21/22,Rei-sen (Zeke/Zero),,,Petty Officer 1st Class Saburo Sakai,
846,Matchbox,B6942,72,Republic,P-47D,Thunderbolt,,,,
847,Hobby Master,HA2207,72,Curtiss,SB2C-4,Helldiver,,White 207,,
848,Corgi,AA37201,72,Handley Page,,Halifax,,,,
849,Dragon,50210,72,Republic,P-47D,Thunderbolt,433287,B8 A,Col. Joseph L. Laughlin,Five by Five
850,Corgi,PR99401,72,Junkers,JU 87G-1,Stuka,494193,,Oberst Hans Ulrich Rudel,
851,Corgi,US61005,72,Vought,F4U-1D,Corsair,BuNo 57803,167,Lt. Cdr. Roger Hedrick,
852,Corgi,AA34007,72,Consolidated,B-24D,Liberator,,,,You Cawn't Miss It
853,Corgi,US32213,72,North American,P-51K,Mustang,,,Lt. Col. Bill Dunham,Mrs. Bonnie
854,IXO,DDIJ00030,72,Bell,P-39Q/N,Aircobra,220351,,,Snooks
855,Corgi,WB99613,72,Messerschmitt,ME 262A-1A,Schwalbe,,13,,Oberleutnant Heinz Bar
856,Hobby Master,HA2310,72,Bristol,TF.X,Beaufighter,,UB-E,,
857,Corgi,AA34005,72,Consolidated,B-24D,Liberator,GR.MK.III,,,
858,Corgi,AA39601,72,Hawker,,Hart,K2986,,,
859,Matchbox,92108,72,Lockheed,P-38J,Lightning,,,,
860,Hobby Master,HA1805,72,Messerschmitt,Bf-110G-4,Zerstörer,,3C+LB,Willi Herget,Shark Mouth.
861,Corgi,US35212,72,Curtiss,P-40E,Warhawk,94,,Captain Roberh H. Vaught,Bob's Robin
862,Hobby Master,HA7010,48,Brewster,F2A-3,Buffalo,1500,2-MF-13,,
863,Hobby Master,HA2008,72,Nakajima,B5N2 Type 97,Kate,,,,
864,Corgi,AA39206,72,Supermarine,Mk.IIA,Spitfire,P8088,NK K,,The Borough of Lambeth
865,SkyMax,SM4003,72,Hawker,,Tempest,,JCO,"Wing Commander J.C. "Zipp" Button#",
866,Hobby Master,HA4205,72,Douglas,A-20G,Havoc,,,,Miss Pam
867,Corgi,AA36709,72,Junkers,JU88,,,+B,,
868,Oxford,AC045,72,Kawanishi,N1K2J,George,A 343-II,,CPO Shoichi Sugita,
869,Falcon,FA724012,72,Fieseler,Fi-156,Storch,,BW+CA,,
870,Hobby Master,HA1810,72,Messerschimdt,BF 110E,,,LN+LR,Lt. Felix-Maria Brandis,
871,Hobby Master,HA2313,72,Bristol,Mk.IF,Beaufighter,R2059,ZK-A,,
872,Hobby Master,HA4206,72,Douglas,A-20G,Havoc,43-9407,P,,Green Hornet
873,Air Force 1,AF1-00113A,72,Northrop,P-61B,Black Widow,239408,,Major Lee Kendall,Lady in the Dark
875,Air Force 1,AF1-0090C,72,Northorp,P-61B,Black Widow,42-25505,,2nd Lt. Dave Corts/Lt. Alexander Berg,Nocturnal Nemesis
876,Oxford,AC044,72,Henschel,Hs 126A-1,,,19  3,,
877,Oxford,AC046,72,Grumman,TBM,Avenger,x 2,2,Lt. JG George H.W. Bush,
878,Oxford,AC047,72,Messerschmitt,Bf 108,,,,,
879,Oxford,AC048,72,Dornier,Do 335,Pfeil,102,VG+PH,,
880,Oxford,AC049,72,Polikarpov,I-16 Type 10,,,,G. Tsokalayev,
881,Oxford,AC050,72,Westland,,Lysander,,2363,,
882,Oxford,AC051,72,Messerschmitt,Me 110G-2,,,S9+AB,,
883,Oxford,AC052,72,Supermarine,Mk.I,Spitfire,,QJ R,PO Zeke Leckrone,
884,Corgi,AA27401,72,Gloster,F3,Meteor,EE246,YQ-A,,
885,Corgi,AA27402,72,Gloster,F3,Meteor,,YQ-Q,,
886,Oxford,72AA001,72,Avro,Mk. 1,Anson,,N9732,,
887,Hobby Master,HA2009,72,Nakajima,B5N2 Type 97,Kate,D1-362,,,
889,Corgi,AA27601,72,Hawker,MkI,Hurricane,V7434,DZ-R,Pilot Officer Irving Smith,
891,Corgi,AA32517,72,Junkers,JU87 B2,Stuka,,6G+A7,,
895,Corgi,AA38407,72,Bristol,MkIV,Blenheim,,D GB,WC Hughie Idwal Edwards VC,
896,Corgi,AA38806,72,Dornier,Do17,,,5K+AR,,
898,Corgi,AA39305,72,Boulton Paul,,Defiant,,PS B,,
899,Oxford,AC053,72,Mitsubishi,A6M2-21,Zero,D1-108,,,Tadayoshi Koga
900,Oxford,AC054,72,Yakovlev,Yak-3,,,5,Roger Sauvage,
901,Hobby Master,HA2010,72,Nakajima,B5N1,Kate,315,,,
902,Air Force 1,AF1-00113A,72,Northrop,P-61B,Black Widow,239408,,Major Lee Kendall,Lady in the Dark
